[{"model": "social.post", "pk": 2, "fields": {"body": "Lets appreciate workers all over the world", "image": "uploads/post_photos/Screenshot_20210501-134303_WhatsApp.jpg", "created_on": "2021-05-03T17:26:40.289Z", "author": 6, "likes": [], "dislikes": []}}, {"model": "social.post", "pk": 5, "fields": {"body": "Natue😍😍", "image": "uploads/post_photos/images_2_LDh9Eok.jpeg", "created_on": "2021-05-03T17:38:11.559Z", "author": 6, "likes": [], "dislikes": []}}, {"model": "social.post", "pk": 6, "fields": {"body": "Natue😍😍", "image": "uploads/post_photos/images_2.jpeg", "created_on": "2021-05-03T18:42:14.681Z", "author": 6, "likes": [], "dislikes": []}}, {"model": "social.post", "pk": 7, "fields": {"body": "Nature😍😍🌹", "image": "uploads/post_photos/images.jpeg", "created_on": "2021-05-03T18:45:26.378Z", "author": 3, "likes": [3], "dislikes": [7]}}, {"model": "social.post", "pk": 8, "fields": {"body": "Beauty", "image": "uploads/post_photos/images_2.jpeg", "created_on": "2021-05-03T18:46:18.724Z", "author": 3, "likes": [3, 7], "dislikes": []}}, {"model": "social.post", "pk": 9, "fields": {"body": "Just keep moving and you will achieve it", "image": "uploads/post_photos/images_5.jpeg", "created_on": "2021-05-04T04:14:33.521Z", "author": 3, "likes": [3], "dislikes": []}}, {"model": "social.post", "pk": 10, "fields": {"body": "Wonderful quote by Kristen Butler", "image": "uploads/post_photos/images_4.jpeg", "created_on": "2021-05-04T04:16:03.555Z", "author": 3, "likes": [3], "dislikes": []}}, {"model": "social.post", "pk": 11, "fields": {"body": "Nature is beautiful", "image": "uploads/post_photos/images_3.jpeg", "created_on": "2021-05-04T04:16:47.232Z", "author": 3, "likes": [3], "dislikes": []}}, {"model": "social.post", "pk": 12, "fields": {"body": "What a beaut😍😍", "image": "uploads/post_photos/images_1.jpeg", "created_on": "2021-05-04T09:46:53.424Z", "author": 3, "likes": [], "dislikes": []}}, {"model": "social.comment", "pk": 2, "fields": {"comment": "Beautiful", "created_on": "2021-05-04T05:25:52.484Z", "author": 3, "post": 8, "parent": null, "likes": [], "dislikes": []}}, {"model": "social.comment", "pk": 3, "fields": {"comment": "Nice", "created_on": "2021-05-04T05:26:18.990Z", "author": 3, "post": 8, "parent": 2, "likes": [], "dislikes": []}}, {"model": "social.userprofile", "pk": 1, "fields": {"name": null, "bio": null, "birth_date": null, "location": null, "picture": "uploads/profile_pictures/user.png", "followers": []}}, {"model": "social.userprofile", "pk": 2, "fields": {"name": null, "bio": null, "birth_date": null, "location": null, "picture": "uploads/profile_pictures/user.png", "followers": []}}, {"model": "social.userprofile", "pk": 3, "fields": {"name": "CEO of Happchat, Inc", "bio": "Python developer\r\nWeb and mobile app developer", "birth_date": "1999-04-12", "location": "Abuja Nigeria", "picture": "uploads/profile_pictures/images_2.jpeg", "followers": [4, 5, 6, 7, 8]}}, {"model": "social.userprofile", "pk": 4, "fields": {"name": null, "bio": null, "birth_date": null, "location": null, "picture": "uploads/profile_pictures/user.png", "followers": []}}, {"model": "social.userprofile", "pk": 5, "fields": {"name": null, "bio": null, "birth_date": null, "location": null, "picture": "uploads/profile_pictures/user.png", "followers": []}}, {"model": "social.userprofile", "pk": 6, "fields": {"name": null, "bio": "", "birth_date": null, "location": null, "picture": "uploads/profile_pictures/images.jpeg", "followers": []}}, {"model": "social.userprofile", "pk": 7, "fields": {"name": "Jayden", "bio": "", "birth_date": null, "location": "Abuja", "picture": "uploads/profile_pictures/0F4C620D-87BB-4D3E-9E16-24B674B7FAEC.jpeg", "followers": [3]}}, {"model": "social.userprofile", "pk": 8, "fields": {"name": "Egomson Richman", "bio": "", "birth_date": null, "location": null, "picture": "uploads/profile_pictures/20210423_114616.jpg", "followers": [3]}}, {"model": "social.threadmodel", "pk": 1, "fields": {"user": 3, "receiver": 4}}, {"model": "social.threadmodel", "pk": 2, "fields": {"user": 3, "receiver": 7}}, {"model": "social.threadmodel", "pk": 3, "fields": {"user": 8, "receiver": 3}}, {"model": "social.messagemodel", "pk": 1, "fields": {"thread": 1, "sender_user": 3, "receiver_user": 4, "body": "Hey bro", "image": "", "date": "2021-05-02T20:34:05.614Z", "is_read": false}}, {"model": "social.messagemodel", "pk": 2, "fields": {"thread": 1, "sender_user": 4, "receiver_user": 3, "body": "How far ", "image": "", "date": "2021-05-02T20:34:26.225Z", "is_read": false}}, {"model": "social.messagemodel", "pk": 3, "fields": {"thread": 1, "sender_user": 3, "receiver_user": 4, "body": "I dey...How your side", "image": "", "date": "2021-05-02T20:34:47.691Z", "is_read": false}}, {"model": "social.messagemodel", "pk": 4, "fields": {"thread": 2, "sender_user": 3, "receiver_user": 7, "body": "What's up bro", "image": "", "date": "2021-05-03T18:49:47.069Z", "is_read": false}}, {"model": "social.messagemodel", "pk": 5, "fields": {"thread": 3, "sender_user": 8, "receiver_user": 3, "body": "Hi", "image": "", "date": "2021-05-04T09:03:34.574Z", "is_read": false}}, {"model": "social.messagemodel", "pk": 6, "fields": {"thread": 3, "sender_user": 3, "receiver_user": 8, "body": "How far", "image": "", "date": "2021-05-04T09:03:56.934Z", "is_read": false}}, {"model": "account.emailaddress", "pk": 1, "fields": {"user": 1, "email": "lawrenceanyalechi@gmail.com", "verified": false, "primary": true}}, {"model": "account.emailaddress", "pk": 2, "fields": {"user": 3, "email": "chibuezeanyalechi@gmail.com", "verified": false, "primary": true}}, {"model": "account.emailaddress", "pk": 3, "fields": {"user": 4, "email": "danielanyalechi605@gmail.com", "verified": false, "primary": true}}, {"model": "account.emailaddress", "pk": 4, "fields": {"user": 5, "email": "julmacotech@gmail.com", "verified": false, "primary": true}}, {"model": "account.emailaddress", "pk": 5, "fields": {"user": 7, "email": "ayodeleamesinlola@gmail.com", "verified": false, "primary": true}}, {"model": "account.emailaddress", "pk": 6, "fields": {"user": 8, "email": "demiladerichman@gmail.com", "verified": false, "primary": true}}, {"model": "admin.logentry", "pk": 1, "fields": {"action_time": "2021-05-03T17:04:07.211Z", "user": 6, "content_type": 3, "object_id": "3", "object_repr": "UserProfile object (3)", "action_flag": 2, "change_message": "[{\"changed\": {\"fields\": [\"Is verified\"]}}]"}}, {"model": "admin.logentry", "pk": 2, "fields": {"action_time": "2021-05-04T09:07:58.173Z", "user": 6, "content_type": 3, "object_id": "8", "object_repr": "UserProfile object (8)", "action_flag": 2, "change_message": "[{\"changed\": {\"fields\": [\"Is verified\"]}}]"}}, {"model": "auth.permission", "pk": 1, "fields": {"name": "Can add post", "content_type": 1, "codename": "add_post"}}, {"model": "auth.permission", "pk": 2, "fields": {"name": "Can change post", "content_type": 1, "codename": "change_post"}}, {"model": "auth.permission", "pk": 3, "fields": {"name": "Can delete post", "content_type": 1, "codename": "delete_post"}}, {"model": "auth.permission", "pk": 4, "fields": {"name": "Can view post", "content_type": 1, "codename": "view_post"}}, {"model": "auth.permission", "pk": 5, "fields": {"name": "Can add comment", "content_type": 2, "codename": "add_comment"}}, {"model": "auth.permission", "pk": 6, "fields": {"name": "Can change comment", "content_type": 2, "codename": "change_comment"}}, {"model": "auth.permission", "pk": 7, "fields": {"name": "Can delete comment", "content_type": 2, "codename": "delete_comment"}}, {"model": "auth.permission", "pk": 8, "fields": {"name": "Can view comment", "content_type": 2, "codename": "view_comment"}}, {"model": "auth.permission", "pk": 9, "fields": {"name": "Can add user profile", "content_type": 3, "codename": "add_userprofile"}}, {"model": "auth.permission", "pk": 10, "fields": {"name": "Can change user profile", "content_type": 3, "codename": "change_userprofile"}}, {"model": "auth.permission", "pk": 11, "fields": {"name": "Can delete user profile", "content_type": 3, "codename": "delete_userprofile"}}, {"model": "auth.permission", "pk": 12, "fields": {"name": "Can view user profile", "content_type": 3, "codename": "view_userprofile"}}, {"model": "auth.permission", "pk": 13, "fields": {"name": "Can add notification", "content_type": 4, "codename": "add_notification"}}, {"model": "auth.permission", "pk": 14, "fields": {"name": "Can change notification", "content_type": 4, "codename": "change_notification"}}, {"model": "auth.permission", "pk": 15, "fields": {"name": "Can delete notification", "content_type": 4, "codename": "delete_notification"}}, {"model": "auth.permission", "pk": 16, "fields": {"name": "Can view notification", "content_type": 4, "codename": "view_notification"}}, {"model": "auth.permission", "pk": 17, "fields": {"name": "Can add thread model", "content_type": 5, "codename": "add_threadmodel"}}, {"model": "auth.permission", "pk": 18, "fields": {"name": "Can change thread model", "content_type": 5, "codename": "change_threadmodel"}}, {"model": "auth.permission", "pk": 19, "fields": {"name": "Can delete thread model", "content_type": 5, "codename": "delete_threadmodel"}}, {"model": "auth.permission", "pk": 20, "fields": {"name": "Can view thread model", "content_type": 5, "codename": "view_threadmodel"}}, {"model": "auth.permission", "pk": 21, "fields": {"name": "Can add message model", "content_type": 6, "codename": "add_messagemodel"}}, {"model": "auth.permission", "pk": 22, "fields": {"name": "Can change message model", "content_type": 6, "codename": "change_messagemodel"}}, {"model": "auth.permission", "pk": 23, "fields": {"name": "Can delete message model", "content_type": 6, "codename": "delete_messagemodel"}}, {"model": "auth.permission", "pk": 24, "fields": {"name": "Can view message model", "content_type": 6, "codename": "view_messagemodel"}}, {"model": "auth.permission", "pk": 25, "fields": {"name": "Can add email address", "content_type": 7, "codename": "add_emailaddress"}}, {"model": "auth.permission", "pk": 26, "fields": {"name": "Can change email address", "content_type": 7, "codename": "change_emailaddress"}}, {"model": "auth.permission", "pk": 27, "fields": {"name": "Can delete email address", "content_type": 7, "codename": "delete_emailaddress"}}, {"model": "auth.permission", "pk": 28, "fields": {"name": "Can view email address", "content_type": 7, "codename": "view_emailaddress"}}, {"model": "auth.permission", "pk": 29, "fields": {"name": "Can add email confirmation", "content_type": 8, "codename": "add_emailconfirmation"}}, {"model": "auth.permission", "pk": 30, "fields": {"name": "Can change email confirmation", "content_type": 8, "codename": "change_emailconfirmation"}}, {"model": "auth.permission", "pk": 31, "fields": {"name": "Can delete email confirmation", "content_type": 8, "codename": "delete_emailconfirmation"}}, {"model": "auth.permission", "pk": 32, "fields": {"name": "Can view email confirmation", "content_type": 8, "codename": "view_emailconfirmation"}}, {"model": "auth.permission", "pk": 33, "fields": {"name": "Can add social account", "content_type": 9, "codename": "add_socialaccount"}}, {"model": "auth.permission", "pk": 34, "fields": {"name": "Can change social account", "content_type": 9, "codename": "change_socialaccount"}}, {"model": "auth.permission", "pk": 35, "fields": {"name": "Can delete social account", "content_type": 9, "codename": "delete_socialaccount"}}, {"model": "auth.permission", "pk": 36, "fields": {"name": "Can view social account", "content_type": 9, "codename": "view_socialaccount"}}, {"model": "auth.permission", "pk": 37, "fields": {"name": "Can add social application", "content_type": 10, "codename": "add_socialapp"}}, {"model": "auth.permission", "pk": 38, "fields": {"name": "Can change social application", "content_type": 10, "codename": "change_socialapp"}}, {"model": "auth.permission", "pk": 39, "fields": {"name": "Can delete social application", "content_type": 10, "codename": "delete_socialapp"}}, {"model": "auth.permission", "pk": 40, "fields": {"name": "Can view social application", "content_type": 10, "codename": "view_socialapp"}}, {"model": "auth.permission", "pk": 41, "fields": {"name": "Can add social application token", "content_type": 11, "codename": "add_socialtoken"}}, {"model": "auth.permission", "pk": 42, "fields": {"name": "Can change social application token", "content_type": 11, "codename": "change_socialtoken"}}, {"model": "auth.permission", "pk": 43, "fields": {"name": "Can delete social application token", "content_type": 11, "codename": "delete_socialtoken"}}, {"model": "auth.permission", "pk": 44, "fields": {"name": "Can view social application token", "content_type": 11, "codename": "view_socialtoken"}}, {"model": "auth.permission", "pk": 45, "fields": {"name": "Can add log entry", "content_type": 12, "codename": "add_logentry"}}, {"model": "auth.permission", "pk": 46, "fields": {"name": "Can change log entry", "content_type": 12, "codename": "change_logentry"}}, {"model": "auth.permission", "pk": 47, "fields": {"name": "Can delete log entry", "content_type": 12, "codename": "delete_logentry"}}, {"model": "auth.permission", "pk": 48, "fields": {"name": "Can view log entry", "content_type": 12, "codename": "view_logentry"}}, {"model": "auth.permission", "pk": 49, "fields": {"name": "Can add permission", "content_type": 13, "codename": "add_permission"}}, {"model": "auth.permission", "pk": 50, "fields": {"name": "Can change permission", "content_type": 13, "codename": "change_permission"}}, {"model": "auth.permission", "pk": 51, "fields": {"name": "Can delete permission", "content_type": 13, "codename": "delete_permission"}}, {"model": "auth.permission", "pk": 52, "fields": {"name": "Can view permission", "content_type": 13, "codename": "view_permission"}}, {"model": "auth.permission", "pk": 53, "fields": {"name": "Can add group", "content_type": 14, "codename": "add_group"}}, {"model": "auth.permission", "pk": 54, "fields": {"name": "Can change group", "content_type": 14, "codename": "change_group"}}, {"model": "auth.permission", "pk": 55, "fields": {"name": "Can delete group", "content_type": 14, "codename": "delete_group"}}, {"model": "auth.permission", "pk": 56, "fields": {"name": "Can view group", "content_type": 14, "codename": "view_group"}}, {"model": "auth.permission", "pk": 57, "fields": {"name": "Can add user", "content_type": 15, "codename": "add_user"}}, {"model": "auth.permission", "pk": 58, "fields": {"name": "Can change user", "content_type": 15, "codename": "change_user"}}, {"model": "auth.permission", "pk": 59, "fields": {"name": "Can delete user", "content_type": 15, "codename": "delete_user"}}, {"model": "auth.permission", "pk": 60, "fields": {"name": "Can view user", "content_type": 15, "codename": "view_user"}}, {"model": "auth.permission", "pk": 61, "fields": {"name": "Can add content type", "content_type": 16, "codename": "add_contenttype"}}, {"model": "auth.permission", "pk": 62, "fields": {"name": "Can change content type", "content_type": 16, "codename": "change_contenttype"}}, {"model": "auth.permission", "pk": 63, "fields": {"name": "Can delete content type", "content_type": 16, "codename": "delete_contenttype"}}, {"model": "auth.permission", "pk": 64, "fields": {"name": "Can view content type", "content_type": 16, "codename": "view_contenttype"}}, {"model": "auth.permission", "pk": 65, "fields": {"name": "Can add session", "content_type": 17, "codename": "add_session"}}, {"model": "auth.permission", "pk": 66, "fields": {"name": "Can change session", "content_type": 17, "codename": "change_session"}}, {"model": "auth.permission", "pk": 67, "fields": {"name": "Can delete session", "content_type": 17, "codename": "delete_session"}}, {"model": "auth.permission", "pk": 68, "fields": {"name": "Can view session", "content_type": 17, "codename": "view_session"}}, {"model": "auth.permission", "pk": 69, "fields": {"name": "Can add site", "content_type": 18, "codename": "add_site"}}, {"model": "auth.permission", "pk": 70, "fields": {"name": "Can change site", "content_type": 18, "codename": "change_site"}}, {"model": "auth.permission", "pk": 71, "fields": {"name": "Can delete site", "content_type": 18, "codename": "delete_site"}}, {"model": "auth.permission", "pk": 72, "fields": {"name": "Can view site", "content_type": 18, "codename": "view_site"}}, {"model": "auth.user", "pk": 1, "fields": {"password": "pbkdf2_sha256$216000$jFfPszfgIWGe$FRbGAzgEGRzn6QuuJV5lUaU8wgJ+X9AOlHEUL/al3YI=", "last_login": "2021-05-02T20:21:10.402Z", "is_superuser": false, "username": "Admin", "first_name": "", "last_name": "", "email": "lawrenceanyalechi@gmail.com", "is_staff": false, "is_active": true, "date_joined": "2021-05-02T20:21:10.020Z", "groups": [], "user_permissions": []}}, {"model": "auth.user", "pk": 2, "fields": {"password": "pbkdf2_sha256$216000$0yLtGdWoFx5p$4IAdLwmwF5/wSw+TyJsWdcgTMH+VlrMe6exWG21moxY=", "last_login": "2021-05-02T20:25:13.461Z", "is_superuser": true, "username": "happchat", "first_name": "", "last_name": "", "email": "", "is_staff": true, "is_active": true, "date_joined": "2021-05-02T20:24:33.772Z", "groups": [], "user_permissions": []}}, {"model": "auth.user", "pk": 3, "fields": {"password": "pbkdf2_sha256$216000$u1KQ2OLzUoLw$X9qEqhygE1UXXuTTgZ+RFJ6U4ct65kkjagX92Eh2dZ8=", "last_login": "2021-05-04T15:15:53.739Z", "is_superuser": false, "username": "Lawrence502", "first_name": "", "last_name": "", "email": "chibuezeanyalechi@gmail.com", "is_staff": false, "is_active": true, "date_joined": "2021-05-02T20:31:27.928Z", "groups": [], "user_permissions": []}}, {"model": "auth.user", "pk": 4, "fields": {"password": "pbkdf2_sha256$216000$98mSziR6c5pk$NUuXM7yzvsgw4+rJm1FWEEMiXvKZEXX4uqtKjSyFN4s=", "last_login": "2021-05-02T20:32:08.533Z", "is_superuser": false, "username": "Daniel", "first_name": "", "last_name": "", "email": "danielanyalechi605@gmail.com", "is_staff": false, "is_active": true, "date_joined": "2021-05-02T20:32:08.076Z", "groups": [], "user_permissions": []}}, {"model": "auth.user", "pk": 5, "fields": {"password": "pbkdf2_sha256$216000$XR8FkWnQiKDO$cqk9i8t7068VLVmuD2pe3mFOYfB/ODsvgFNeq/DDFw0=", "last_login": "2021-05-02T21:02:56.683Z", "is_superuser": false, "username": "julmaco_tech", "first_name": "", "last_name": "", "email": "julmacotech@gmail.com", "is_staff": false, "is_active": true, "date_joined": "2021-05-02T21:02:56.079Z", "groups": [], "user_permissions": []}}, {"model": "auth.user", "pk": 6, "fields": {"password": "pbkdf2_sha256$216000$VdVgCmTgUGbw$LkaBIOHbI0QRqejBVQQ9cV+yTmnROgLuBtP41gTiSlA=", "last_login": "2021-05-04T09:07:38.801Z", "is_superuser": true, "username": "lawrence", "first_name": "", "last_name": "", "email": "", "is_staff": true, "is_active": true, "date_joined": "2021-05-03T17:02:31.148Z", "groups": [], "user_permissions": []}}, {"model": "auth.user", "pk": 7, "fields": {"password": "pbkdf2_sha256$216000$YmjbAkL8UzpC$5xtYXtJmnu3/ppagPTodiCmOioZb22ZG9XAHQ6t5tLk=", "last_login": "2021-05-03T20:09:03.313Z", "is_superuser": false, "username": "Ayoorh", "first_name": "", "last_name": "", "email": "ayodeleamesinlola@gmail.com", "is_staff": false, "is_active": true, "date_joined": "2021-05-03T17:27:43.981Z", "groups": [], "user_permissions": []}}, {"model": "auth.user", "pk": 8, "fields": {"password": "pbkdf2_sha256$216000$mnejeVhs8PjZ$mO8Js27V34P9c4q5t34lvD4NPBO44tkkuy3f8vNkJCE=", "last_login": "2021-05-04T09:02:02.368Z", "is_superuser": false, "username": "SRK", "first_name": "", "last_name": "", "email": "demiladerichman@gmail.com", "is_staff": false, "is_active": true, "date_joined": "2021-05-04T09:02:01.502Z", "groups": [], "user_permissions": []}}, {"model": "contenttypes.contenttype", "pk": 1, "fields": {"app_label": "social", "model": "post"}}, {"model": "contenttypes.contenttype", "pk": 2, "fields": {"app_label": "social", "model": "comment"}}, {"model": "contenttypes.contenttype", "pk": 3, "fields": {"app_label": "social", "model": "userprofile"}}, {"model": "contenttypes.contenttype", "pk": 4, "fields": {"app_label": "social", "model": "notification"}}, {"model": "contenttypes.contenttype", "pk": 5, "fields": {"app_label": "social", "model": "threadmodel"}}, {"model": "contenttypes.contenttype", "pk": 6, "fields": {"app_label": "social", "model": "messagemodel"}}, {"model": "contenttypes.contenttype", "pk": 7, "fields": {"app_label": "account", "model": "emailaddress"}}, {"model": "contenttypes.contenttype", "pk": 8, "fields": {"app_label": "account", "model": "emailconfirmation"}}, {"model": "contenttypes.contenttype", "pk": 9, "fields": {"app_label": "socialaccount", "model": "socialaccount"}}, {"model": "contenttypes.contenttype", "pk": 10, "fields": {"app_label": "socialaccount", "model": "socialapp"}}, {"model": "contenttypes.contenttype", "pk": 11, "fields": {"app_label": "socialaccount", "model": "socialtoken"}}, {"model": "contenttypes.contenttype", "pk": 12, "fields": {"app_label": "admin", "model": "logentry"}}, {"model": "contenttypes.contenttype", "pk": 13, "fields": {"app_label": "auth", "model": "permission"}}, {"model": "contenttypes.contenttype", "pk": 14, "fields": {"app_label": "auth", "model": "group"}}, {"model": "contenttypes.contenttype", "pk": 15, "fields": {"app_label": "auth", "model": "user"}}, {"model": "contenttypes.contenttype", "pk": 16, "fields": {"app_label": "contenttypes", "model": "contenttype"}}, {"model": "contenttypes.contenttype", "pk": 17, "fields": {"app_label": "sessions", "model": "session"}}, {"model": "contenttypes.contenttype", "pk": 18, "fields": {"app_label": "sites", "model": "site"}}, {"model": "sessions.session", "pk": "0l12k9vti9jbsq7i19lxhoa46felqvcz", "fields": {"session_data": ".eJxVjsEOwiAQRP-FsyG4QEt79O43EJbdWtSAKW2iMf671vSg13lvJvMUPizz6JfKk08keqHF7jfDEC-cV0DnkE9FxpLnKaFcFbnRKo-F-HrY3L-BMdTx047UaIXOGozE0GlHwApVxD13EC1Ao5kDAg7GdNiSdWSgJR6aAID0fVW51lSy5_stTQ_Rq9cbtxM_8Q:1ldrcs:Vh8GGjDFehqGdXSJyk8BGEx3mJkeWsZlGOWD-Px5f8A", "expire_date": "2021-05-18T09:45:58.948Z"}}, {"model": "sessions.session", "pk": "1s41u01qb9symx57935nbf5h562thca0", "fields": {"session_data": ".eJxljEEOgyAQRe_C2hhgDKi79iJkgCGSUkwU3DS9e9WYJk2X896f92Lo3FxzMRstMUTyhp4YExtzTan52rrSwkbWsYYZrGU6gYn-n1l0D8qHwJQO3F6N9txcem1v-0W5RIclzvl-ff2kJlynvSO06BRxBegg-GA5oe6kDwqIpEbSWkluOXJrg5IQhATZK02Dhx4G4dj7AwfoTc4:1ldIl6:jq9b9qqQJgR9HV8S9RSrr663rBocCzphkq_-LcYYcZM", "expire_date": "2021-05-16T20:32:08.553Z"}}, {"model": "sessions.session", "pk": "7m1ilel69t98mpys1ovriuv9g9l667qs", "fields": {"session_data": ".eJxljEEOwiAQRe_CumlAWh2604uQYTqkRKRJATfGu9s2jYlxOe_9eS-BRHNNxT55CT7waPmBIYoh1Ribr62ZFzEIEI2wWMu0AxvGf-aQ7pw2gTFuuD0a7b45dG6v68WpBMIS5nQ7vn5SE-Zp7SjovEY6MYHvejkCmZ68cgCGTGdoxRckh72UbBC0cUaTJoln0F5JJd4fHptOUA:1ldqwM:B7nN0lYazEUxXGPSPbP3eOZHRq92dMDDmxKQTh0nDPI", "expire_date": "2021-05-18T09:02:02.414Z"}}, {"model": "sessions.session", "pk": "vyze4utnylo46cr0fe2608ixth47xuny", "fields": {"session_data": ".eJxVjsEOwiAQRP-FsyG4QEt79O43EJbdWtSAKW2iMf671vSg13lvJvMUPizz6JfKk08keqHF7jfDEC-cV0DnkE9FxpLnKaFcFbnRKo-F-HrY3L-BMdTx047UaIXOGozE0GlHwApVxD13EC1Ao5kDAg7GdNiSdWSgJR6aAID0fVW51lSy5_stTQ_Rq9cbtxM_8Q:1ldmi9:PG7BfWXtayBvfPm2Cv2Ixs5muZZiFZrWIS7dMWVXo6Q", "expire_date": "2021-05-18T04:31:05.923Z"}}, {"model": "sites.site", "pk": 1, "fields": {"domain": "example.com", "name": "example.com"}}]